name,part,fmax,lut,registers,bram,dsp,luts_available,utilisation
1xFIR_10xS832,xc7k410tfbg900-1,231.1070,8418,11043,0,65,254200,3.3116
1xFIR_60xS832,xc7k410tfbg900-1,221.0922,21032,11703,0,65,254200,8.2738
1xFIR_110xS832,xc7k410tfbg900-1,207.9867,33177,12903,0,65,254200,13.0515
1xFIR_160xS832,xc7k410tfbg900-1,205.2967,45029,14103,0,65,254200,17.7140
1xFIR_210xS832,xc7k410tfbg900-1,203.7905,57143,15303,0,65,254200,22.4795
1xFIR_260xS832,xc7k410tfbg900-1,200.9243,67149,16503,0,65,254200,26.4158
1xFIR_310xS832,xc7k410tfbg900-1,198.8467,79091,17764,0,65,254200,31.1137
1xFIR_360xS832,xc7k410tfbg900-1,190.2950,90705,18964,0,65,254200,35.6825
1xFIR_410xS832,xc7k410tfbg900-1,196.9279,101579,20164,0,65,254200,39.9603
1xFIR_460xS832,xc7k410tfbg900-1,175.7469,111570,21364,0,65,254200,43.8906
1xFIR_510xS832,xc7k410tfbg900-1,178.2849,123123,22564,0,65,254200,48.4355
1xFIR_560xS832,xc7k410tfbg900-1,199.0446,136817,23764,0,65,254200,53.8226
1xFIR_610xS832,xc7k410tfbg900-1,168.0108,144886,24964,0,65,254200,56.9969
1xFIR_660xS832,xc7k410tfbg900-1,170.8526,156034,26164,0,65,254200,61.3824
1xFIR_710xS832,xc7k410tfbg900-1,189.7893,170569,27364,0,65,254200,67.1003
1xFIR_760xS832,xc7k410tfbg900-1,191.2777,182895,28564,0,65,254200,71.9493
2xFIR_10xS832,xc7k410tfbg900-1,234.3567,14254,20750,0,130,254200,5.6074
2xFIR_60xS832,xc7k410tfbg900-1,219.1060,26672,21950,0,130,254200,10.4925
2xFIR_110xS832,xc7k410tfbg900-1,213.5383,38533,23150,0,130,254200,15.1585
2xFIR_160xS832,xc7k410tfbg900-1,196.9279,50170,24350,0,130,254200,19.7364
2xFIR_210xS832,xc7k410tfbg900-1,196.2709,61935,25550,0,130,254200,24.3647
2xFIR_260xS832,xc7k410tfbg900-1,204.5827,73271,26750,0,130,254200,28.8242
2xFIR_310xS832,xc7k410tfbg900-1,190.1502,85385,28088,0,130,254200,33.5897
2xFIR_360xS832,xc7k410tfbg900-1,189.3222,96044,29288,0,130,254200,37.7828
2xFIR_410xS832,xc7k410tfbg900-1,195.5799,107646,30488,0,130,254200,42.3470
2xFIR_460xS832,xc7k410tfbg900-1,196.8504,118313,31688,0,130,254200,46.5433
2xFIR_510xS832,xc7k410tfbg900-1,183.7560,128324,32888,0,130,254200,50.4815
2xFIR_560xS832,xc7k410tfbg900-1,177.1479,142102,34088,0,130,254200,55.9017
2xFIR_610xS832,xc7k410tfbg900-1,175.5310,151390,35288,0,130,254200,59.5555
2xFIR_660xS832,xc7k410tfbg900-1,176.0563,162178,36488,0,130,254200,63.7994
2xFIR_710xS832,xc7k410tfbg900-1,189.8975,175229,37688,0,130,254200,68.9335
2xFIR_760xS832,xc7k410tfbg900-1,191.8281,188252,38888,0,130,254200,74.0566
3xFIR_10xS832,xc7k410tfbg900-1,226.7060,20117,30997,0,195,254200,7.9138
3xFIR_60xS832,xc7k410tfbg900-1,212.8112,32452,32197,0,195,254200,12.7663
3xFIR_110xS832,xc7k410tfbg900-1,208.2466,44222,33397,0,195,254200,17.3965
3xFIR_160xS832,xc7k410tfbg900-1,212.3593,56584,34597,0,195,254200,22.2596
3xFIR_210xS832,xc7k410tfbg900-1,199.6805,66663,35797,0,195,254200,26.2246
3xFIR_260xS832,xc7k410tfbg900-1,195.9632,79158,37212,0,195,254200,31.1400
3xFIR_310xS832,xc7k410tfbg900-1,193.1248,90834,38412,0,195,254200,35.7333
3xFIR_360xS832,xc7k410tfbg900-1,189.3222,101701,39612,0,195,254200,40.0083
3xFIR_410xS832,xc7k410tfbg900-1,172.9805,111314,40812,0,195,254200,43.7899
3xFIR_460xS832,xc7k410tfbg900-1,178.0627,124127,42012,0,195,254200,48.8304
3xFIR_510xS832,xc7k410tfbg900-1,173.9433,134396,43212,0,195,254200,52.8702
3xFIR_560xS832,xc7k410tfbg900-1,174.8863,145584,44412,0,195,254200,57.2714
3xFIR_610xS832,xc7k410tfbg900-1,174.1553,156835,45612,0,195,254200,61.6975
3xFIR_660xS832,xc7k410tfbg900-1,178.4121,168229,46812,0,195,254200,66.1798
3xFIR_710xS832,xc7k410tfbg900-1,174.7335,180104,48012,0,195,254200,70.8513
3xFIR_760xS832,xc7k410tfbg900-1,171.4090,193639,49212,0,195,254200,76.1758
4xFIR_10xS832,xc7k410tfbg900-1,222.7171,25813,41244,0,260,254200,10.1546
4xFIR_60xS832,xc7k410tfbg900-1,221.8279,38446,42444,0,260,254200,15.1243
4xFIR_110xS832,xc7k410tfbg900-1,200.9646,49461,43644,0,260,254200,19.4575
4xFIR_160xS832,xc7k410tfbg900-1,205.6344,60759,44844,0,260,254200,23.9020
4xFIR_210xS832,xc7k410tfbg900-1,191.3143,72901,46044,0,260,254200,28.6786
4xFIR_260xS832,xc7k410tfbg900-1,195.8097,84096,47244,0,260,254200,33.0826
4xFIR_310xS832,xc7k410tfbg900-1,191.2777,96399,48736,0,260,254200,37.9225
4xFIR_360xS832,xc7k410tfbg900-1,187.4766,106423,49936,0,260,254200,41.8659
4xFIR_410xS832,xc7k410tfbg900-1,191.6810,117897,51136,0,260,254200,46.3796
4xFIR_460xS832,xc7k410tfbg900-1,191.8281,130982,52336,0,260,254200,51.5271
4xFIR_510xS832,xc7k410tfbg900-1,173.3403,139492,53536,0,260,254200,54.8749
4xFIR_560xS832,xc7k410tfbg900-1,173.9433,151172,54736,0,260,254200,59.4697
4xFIR_610xS832,xc7k410tfbg900-1,177.1165,165280,55936,0,260,254200,65.0197
4xFIR_660xS832,xc7k410tfbg900-1,168.8334,174699,57136,0,260,254200,68.7250
4xFIR_710xS832,xc7k410tfbg900-1,173.8526,187228,58336,0,260,254200,73.6538
4xFIR_760xS832,xc7k410tfbg900-1,173.1302,195151,59536,0,260,254200,76.7707
5xFIR_10xS832,xc7k410tfbg900-1,220.0704,31664,51491,0,325,254200,12.4563
5xFIR_60xS832,xc7k410tfbg900-1,220.4586,44068,52691,0,325,254200,17.3360
5xFIR_110xS832,xc7k410tfbg900-1,210.0399,56038,53891,0,325,254200,22.0448
5xFIR_160xS832,xc7k410tfbg900-1,193.5359,66564,55091,0,325,254200,26.1857
5xFIR_210xS832,xc7k410tfbg900-1,174.7335,77626,56291,0,325,254200,30.5374
5xFIR_260xS832,xc7k410tfbg900-1,201.1263,90126,57491,0,325,254200,35.4548
5xFIR_310xS832,xc7k410tfbg900-1,198.0590,102625,59060,0,325,254200,40.3718
5xFIR_360xS832,xc7k410tfbg900-1,197.8239,113191,60260,0,325,254200,44.5283
5xFIR_410xS832,xc7k410tfbg900-1,194.1748,123584,61460,0,325,254200,48.6168
5xFIR_460xS832,xc7k410tfbg900-1,194.6661,134646,62660,0,325,254200,52.9685
5xFIR_510xS832,xc7k410tfbg900-1,168.2086,145417,63860,0,325,254200,57.2057
5xFIR_560xS832,xc7k410tfbg900-1,177.5253,156387,65060,0,325,254200,61.5212
5xFIR_610xS832,xc7k410tfbg900-1,170.7942,166145,66260,0,325,254200,65.3600
5xFIR_660xS832,xc7k410tfbg900-1,174.3375,178885,67460,0,325,254200,70.3718
5xFIR_710xS832,xc7k410tfbg900-1,172.3544,190018,68660,0,325,254200,74.7514
5xFIR_760xS832,xc7k410tfbg900-1,170.4158,197756,69860,0,325,254200,77.7954
6xFIR_10xS832,xc7k410tfbg900-1,226.4493,37513,61738,0,390,254200,14.7573
6xFIR_60xS832,xc7k410tfbg900-1,218.3883,49439,62938,0,390,254200,19.4489
6xFIR_110xS832,xc7k410tfbg900-1,204.7083,61357,64138,0,390,254200,24.1373
6xFIR_160xS832,xc7k410tfbg900-1,192.9757,72756,65338,0,390,254200,28.6216
6xFIR_210xS832,xc7k410tfbg900-1,189.3581,83707,66538,0,390,254200,32.9296
6xFIR_260xS832,xc7k410tfbg900-1,194.0617,95369,67738,0,390,254200,37.5173
6xFIR_310xS832,xc7k410tfbg900-1,183.6210,106812,69384,0,390,254200,42.0189
6xFIR_360xS832,xc7k410tfbg900-1,177.2107,118128,70584,0,390,254200,46.4705
6xFIR_410xS832,xc7k410tfbg900-1,176.3047,128590,71784,0,390,254200,50.5862
6xFIR_460xS832,xc7k410tfbg900-1,177.8410,138887,72984,0,390,254200,54.6369
6xFIR_510xS832,xc7k410tfbg900-1,169.1475,151477,74184,0,390,254200,59.5897
6xFIR_560xS832,xc7k410tfbg900-1,172.8608,161477,75384,0,390,254200,63.5236
6xFIR_610xS832,xc7k410tfbg900-1,170.0970,173248,76584,0,390,254200,68.1542
6xFIR_660xS832,xc7k410tfbg900-1,170.9402,184854,77784,0,390,254200,72.7199
6xFIR_710xS832,xc7k410tfbg900-1,175.5926,195936,78984,0,390,254200,77.0795
6xFIR_760xS832,xc7k410tfbg900-1,168.6056,200089,80184,0,390,254200,78.7132
7xFIR_10xS832,xc7k410tfbg900-1,222.1235,43345,71985,0,455,254200,17.0515
7xFIR_60xS832,xc7k410tfbg900-1,218.7227,55544,73185,0,455,254200,21.8505
7xFIR_110xS832,xc7k410tfbg900-1,200.7629,66611,74385,0,455,254200,26.2042
7xFIR_160xS832,xc7k410tfbg900-1,179.1152,77351,75585,0,455,254200,30.4292
7xFIR_210xS832,xc7k410tfbg900-1,192.2338,89130,76785,0,455,254200,35.0629
7xFIR_260xS832,xc7k410tfbg900-1,181.1594,100660,77985,0,455,254200,39.5987
7xFIR_310xS832,xc7k410tfbg900-1,196.8892,111379,79708,0,455,254200,43.8155
7xFIR_360xS832,xc7k410tfbg900-1,170.9110,122782,80908,0,455,254200,48.3013
7xFIR_410xS832,xc7k410tfbg900-1,171.7918,134443,82108,0,455,254200,52.8887
7xFIR_460xS832,xc7k410tfbg900-1,178.3167,145266,83308,0,455,254200,57.1463
7xFIR_510xS832,xc7k410tfbg900-1,167.7571,155394,84508,0,455,254200,61.1306
7xFIR_560xS832,xc7k410tfbg900-1,168.3785,167203,85708,0,455,254200,65.7762
7xFIR_610xS832,xc7k410tfbg900-1,169.6065,179139,86908,0,455,254200,70.4717
7xFIR_660xS832,xc7k410tfbg900-1,173.7318,189655,88108,0,455,254200,74.6086
7xFIR_710xS832,xc7k410tfbg900-1,171.4972,198778,89308,0,455,254200,78.1975
8xFIR_10xS832,xc7k410tfbg900-1,224.0143,49160,82232,0,520,254200,19.3391
8xFIR_60xS832,xc7k410tfbg900-1,222.1729,61106,83432,0,520,254200,24.0386
8xFIR_110xS832,xc7k410tfbg900-1,209.0301,73073,84632,0,520,254200,28.7463
8xFIR_160xS832,xc7k410tfbg900-1,202.5932,84036,85832,0,520,254200,33.0590
8xFIR_210xS832,xc7k410tfbg900-1,176.3668,95351,87032,0,520,254200,37.5102
8xFIR_260xS832,xc7k410tfbg900-1,174.5505,105619,88232,0,520,254200,41.5496
8xFIR_310xS832,xc7k410tfbg900-1,177.1165,116412,90032,0,520,254200,45.7954
8xFIR_360xS832,xc7k410tfbg900-1,174.4287,127439,91232,0,520,254200,50.1334
8xFIR_410xS832,xc7k410tfbg900-1,174.2464,139182,92432,0,520,254200,54.7530
8xFIR_460xS832,xc7k410tfbg900-1,163.0789,150292,93632,0,520,254200,59.1235
8xFIR_510xS832,xc7k410tfbg900-1,172.5923,161442,94832,0,520,254200,63.5098
8xFIR_560xS832,xc7k410tfbg900-1,165.1255,173879,96032,0,520,254200,68.4024
8xFIR_610xS832,xc7k410tfbg900-1,168.0108,183667,97232,0,520,254200,72.2530
8xFIR_660xS832,xc7k410tfbg900-1,168.4920,194936,98432,0,520,254200,76.6861
8xFIR_710xS832,xc7k410tfbg900-1,172.2356,201381,99632,0,520,254200,79.2215
9xFIR_10xS832,xc7k410tfbg900-1,226.5006,54970,92479,0,585,254200,21.6247
9xFIR_60xS832,xc7k410tfbg900-1,206.3983,66864,93679,0,585,254200,26.3037
9xFIR_110xS832,xc7k410tfbg900-1,193.4985,77752,94879,0,585,254200,30.5869
9xFIR_160xS832,xc7k410tfbg900-1,193.6108,89492,96079,0,585,254200,35.2054
9xFIR_210xS832,xc7k410tfbg900-1,174.8557,99761,97956,0,585,254200,39.2451
9xFIR_260xS832,xc7k410tfbg900-1,180.0180,111432,98479,0,585,254200,43.8363
9xFIR_310xS832,xc7k410tfbg900-1,175.4694,123034,100356,0,585,254200,48.4005
9xFIR_360xS832,xc7k410tfbg900-1,166.4447,133116,101556,0,585,254200,52.3666
9xFIR_410xS832,xc7k410tfbg900-1,171.2915,144092,102756,0,585,254200,56.6845
9xFIR_460xS832,xc7k410tfbg900-1,179.1473,155594,103956,0,585,254200,61.2093
9xFIR_510xS832,xc7k410tfbg900-1,172.6221,167345,105156,0,585,254200,65.8320
9xFIR_560xS832,xc7k410tfbg900-1,170.7359,178351,106356,0,585,254200,70.1617
9xFIR_610xS832,xc7k410tfbg900-1,169.1761,189584,107556,0,585,254200,74.5806
9xFIR_660xS832,xc7k410tfbg900-1,171.6738,198963,108756,0,585,254200,78.2703
10xFIR_10xS832,xc7k410tfbg900-1,219.4908,60769,102726,0,650,254200,23.9060
10xFIR_60xS832,xc7k410tfbg900-1,213.8123,72706,103926,0,650,254200,28.6019
10xFIR_110xS832,xc7k410tfbg900-1,191.4608,84010,105126,0,650,254200,33.0488
10xFIR_160xS832,xc7k410tfbg900-1,179.3079,95336,106326,0,650,254200,37.5043
10xFIR_210xS832,xc7k410tfbg900-1,177.9043,105982,107526,0,650,254200,41.6924
10xFIR_260xS832,xc7k410tfbg900-1,174.7641,117267,108726,0,650,254200,46.1318
10xFIR_310xS832,xc7k410tfbg900-1,175.4386,127737,110680,0,650,254200,50.2506
10xFIR_360xS832,xc7k410tfbg900-1,170.7067,138804,111880,0,650,254200,54.6042
10xFIR_410xS832,xc7k410tfbg900-1,176.7409,150113,113080,0,650,254200,59.0531
10xFIR_460xS832,xc7k410tfbg900-1,174.1553,161164,114280,0,650,254200,63.4005
10xFIR_510xS832,xc7k410tfbg900-1,172.0578,172747,115480,0,650,254200,67.9571
10xFIR_560xS832,xc7k410tfbg900-1,165.6452,184311,116680,0,650,254200,72.5063
10xFIR_610xS832,xc7k410tfbg900-1,173.3703,195023,117880,0,650,254200,76.7203
10xFIR_660xS832,xc7k410tfbg900-1,171.7623,202939,119080,0,650,254200,79.8344
11xFIR_10xS832,xc7k410tfbg900-1,226.2955,66668,112973,0,715,254200,26.2266
11xFIR_60xS832,xc7k410tfbg900-1,217.7700,78817,114173,0,715,254200,31.0059
11xFIR_110xS832,xc7k410tfbg900-1,204.5827,90208,115373,0,715,254200,35.4870
11xFIR_160xS832,xc7k410tfbg900-1,182.7485,101133,116573,0,715,254200,39.7848
11xFIR_210xS832,xc7k410tfbg900-1,179.6945,111811,117773,0,715,254200,43.9854
11xFIR_260xS832,xc7k410tfbg900-1,170.8818,123306,118973,0,715,254200,48.5075
11xFIR_310xS832,xc7k410tfbg900-1,168.3218,133599,121004,0,715,254200,52.5566
11xFIR_360xS832,xc7k410tfbg900-1,176.6472,144725,122204,0,715,254200,56.9335
11xFIR_410xS832,xc7k410tfbg900-1,170.7359,155713,123404,0,715,254200,61.2561
11xFIR_460xS832,xc7k410tfbg900-1,176.3047,167218,124604,0,715,254200,65.7821
11xFIR_510xS832,xc7k410tfbg900-1,172.1763,178116,125804,0,715,254200,70.0692
11xFIR_560xS832,xc7k410tfbg900-1,169.9524,189995,127004,0,715,254200,74.7423
11xFIR_610xS832,xc7k410tfbg900-1,170.6485,200514,128204,0,715,254200,78.8804
12xFIR_10xS832,xc7k410tfbg900-1,223.5636,72538,123220,0,780,254200,28.5358
12xFIR_60xS832,xc7k410tfbg900-1,218.1501,84710,124420,0,780,254200,33.3242
12xFIR_110xS832,xc7k410tfbg900-1,199.8801,95195,125620,0,780,254200,37.4489
12xFIR_160xS832,xc7k410tfbg900-1,176.2736,106814,126820,0,780,254200,42.0197
12xFIR_210xS832,xc7k410tfbg900-1,176.3668,117263,128020,0,780,254200,46.1302
12xFIR_260xS832,xc7k410tfbg900-1,176.1804,128962,129220,0,780,254200,50.7325
12xFIR_310xS832,xc7k410tfbg900-1,175.6543,139002,131328,0,780,254200,54.6821
12xFIR_360xS832,xc7k410tfbg900-1,172.9505,150377,132528,0,780,254200,59.1570
12xFIR_410xS832,xc7k410tfbg900-1,168.4069,161634,133728,0,780,254200,63.5854
12xFIR_460xS832,xc7k410tfbg900-1,170.7942,172610,134928,0,780,254200,67.9032
12xFIR_510xS832,xc7k410tfbg900-1,163.7465,183914,136128,0,780,254200,72.3501
12xFIR_560xS832,xc7k410tfbg900-1,174.9475,195357,137328,0,780,254200,76.8517
12xFIR_610xS832,xc7k410tfbg900-1,172.3544,204213,138528,0,780,254200,80.3356
13xFIR_10xS832,xc7k410tfbg900-1,225.2252,78402,133467,0,845,254200,30.8426
13xFIR_60xS832,xc7k410tfbg900-1,216.4502,90407,134667,0,845,254200,35.5653
13xFIR_110xS832,xc7k410tfbg900-1,197.4334,101581,135867,0,845,254200,39.9611
13xFIR_160xS832,xc7k410tfbg900-1,181.6860,112701,137067,0,845,254200,44.3356
13xFIR_210xS832,xc7k410tfbg900-1,177.6830,123592,138267,0,845,254200,48.6200
13xFIR_260xS832,xc7k410tfbg900-1,169.4915,134527,139467,0,845,254200,52.9217
13xFIR_310xS832,xc7k410tfbg900-1,174.4896,145185,141652,0,845,254200,57.1145
13xFIR_360xS832,xc7k410tfbg900-1,174.1553,156137,142852,0,845,254200,61.4229
13xFIR_410xS832,xc7k410tfbg900-1,169.4341,167368,144052,0,845,254200,65.8411
13xFIR_460xS832,xc7k410tfbg900-1,172.8310,178415,145252,0,845,254200,70.1869
13xFIR_510xS832,xc7k410tfbg900-1,172.6519,189777,146452,0,845,254200,74.6566
13xFIR_560xS832,xc7k410tfbg900-1,169.3480,200863,147652,0,845,254200,79.0177
14xFIR_10xS832,xc7k410tfbg900-1,223.4138,84166,143714,0,910,254200,33.1101
14xFIR_60xS832,xc7k410tfbg900-1,216.1695,96127,144914,0,910,254200,37.8155
14xFIR_110xS832,xc7k410tfbg900-1,183.1837,107024,146114,0,910,254200,42.1023
14xFIR_160xS832,xc7k410tfbg900-1,185.3568,118542,147314,0,910,254200,46.6334
14xFIR_210xS832,xc7k410tfbg900-1,177.2421,129722,148514,0,910,254200,51.0315
14xFIR_260xS832,xc7k410tfbg900-1,173.3102,140248,149714,0,910,254200,55.1723
14xFIR_310xS832,xc7k410tfbg900-1,172.6519,150866,151976,0,910,254200,59.3493
14xFIR_360xS832,xc7k410tfbg900-1,170.9694,163326,153176,0,910,254200,64.2510
14xFIR_410xS832,xc7k410tfbg900-1,164.6362,172994,154376,0,910,254200,68.0543
14xFIR_460xS832,xc7k410tfbg900-1,175.5618,184425,155576,0,910,254200,72.5511
14xFIR_510xS832,xc7k410tfbg900-1,166.4170,195482,156776,0,910,254200,76.9009
14xFIR_560xS832,xc7k410tfbg900-1,178.0310,207277,157976,0,910,254200,81.5409
15xFIR_10xS832,xc7k410tfbg900-1,223.4637,90042,153961,0,975,254200,35.4217
15xFIR_60xS832,xc7k410tfbg900-1,219.3463,102120,155161,0,975,254200,40.1731
15xFIR_110xS832,xc7k410tfbg900-1,190.2588,112756,156361,0,975,254200,44.3572
15xFIR_160xS832,xc7k410tfbg900-1,175.6235,124209,157561,0,975,254200,48.8627
15xFIR_210xS832,xc7k410tfbg900-1,176.7409,134139,159900,0,975,254200,52.7691
15xFIR_260xS832,xc7k410tfbg900-1,176.7721,146192,159961,0,975,254200,57.5106
15xFIR_310xS832,xc7k410tfbg900-1,179.5332,156890,162300,0,975,254200,61.7191
15xFIR_360xS832,xc7k410tfbg900-1,173.6111,167981,163500,0,975,254200,66.0822
15xFIR_410xS832,xc7k410tfbg900-1,178.2531,179245,164700,0,975,254200,70.5134
15xFIR_460xS832,xc7k410tfbg900-1,175.2848,190173,165900,0,975,254200,74.8124
15xFIR_510xS832,xc7k410tfbg900-1,175.6543,203837,167100,0,975,254200,80.1876
16xFIR_10xS832,xc7k410tfbg900-1,218.7705,95868,164208,0,1040,254200,37.7136
16xFIR_60xS832,xc7k410tfbg900-1,220.4586,107860,165408,0,1040,254200,42.4312
16xFIR_110xS832,xc7k410tfbg900-1,200.2804,119084,166608,0,1040,254200,46.8466
16xFIR_160xS832,xc7k410tfbg900-1,179.5010,129641,167808,0,1040,254200,50.9996
16xFIR_210xS832,xc7k410tfbg900-1,181.7521,141372,169008,0,1040,254200,55.6145
16xFIR_260xS832,xc7k410tfbg900-1,169.9524,151611,170208,0,1040,254200,59.6424
16xFIR_310xS832,xc7k410tfbg900-1,168.3502,162881,172624,0,1040,254200,64.0759
16xFIR_360xS832,xc7k410tfbg900-1,172.9206,173457,173824,0,1040,254200,68.2364
16xFIR_410xS832,xc7k410tfbg900-1,173.2502,186081,175024,0,1040,254200,73.2026
16xFIR_460xS832,xc7k410tfbg900-1,167.9261,197103,176224,0,1040,254200,77.5386
16xFIR_510xS832,xc7k410tfbg900-1,170.8526,208085,177424,0,1040,254200,81.8588
17xFIR_10xS832,xc7k410tfbg900-1,221.0433,101798,174455,0,1105,254200,40.0464
17xFIR_60xS832,xc7k410tfbg900-1,213.1742,113782,175655,0,1105,254200,44.7608
17xFIR_110xS832,xc7k410tfbg900-1,206.7825,124882,176855,0,1105,254200,49.1275
17xFIR_160xS832,xc7k410tfbg900-1,173.4605,135474,178055,0,1105,254200,53.2943
17xFIR_210xS832,xc7k410tfbg900-1,177.6199,146764,179255,0,1105,254200,57.7356
17xFIR_260xS832,xc7k410tfbg900-1,175.1007,157416,180455,0,1105,254200,61.9260
17xFIR_310xS832,xc7k410tfbg900-1,172.3247,166991,182948,0,1105,254200,65.6928
17xFIR_360xS832,xc7k410tfbg900-1,169.2907,180823,184148,0,1105,254200,71.1341
17xFIR_410xS832,xc7k410tfbg900-1,176.3668,191913,185348,0,1105,254200,75.4969
17xFIR_460xS832,xc7k410tfbg900-1,175.0700,203180,186548,0,1105,254200,79.9292
18xFIR_10xS832,xc7k410tfbg900-1,219.7802,107610,184702,0,1170,254200,42.3328
18xFIR_60xS832,xc7k410tfbg900-1,220.5072,119718,185902,0,1170,254200,47.0960
18xFIR_110xS832,xc7k410tfbg900-1,195.4652,130897,187102,0,1170,254200,51.4937
18xFIR_160xS832,xc7k410tfbg900-1,177.0538,141204,188302,0,1170,254200,55.5484
18xFIR_210xS832,xc7k410tfbg900-1,170.7942,152089,189502,0,1170,254200,59.8304
18xFIR_260xS832,xc7k410tfbg900-1,175.1313,164119,190702,0,1170,254200,64.5629
18xFIR_310xS832,xc7k410tfbg900-1,182.5151,175560,193272,0,1170,254200,69.0637
18xFIR_360xS832,xc7k410tfbg900-1,176.1804,186772,194472,0,1170,254200,73.4744
18xFIR_410xS832,xc7k410tfbg900-1,166.9728,197840,195672,0,1170,254200,77.8285
18xFIR_460xS832,xc7k410tfbg900-1,172.2950,208465,196872,0,1170,254200,82.0083
19xFIR_10xS832,xc7k410tfbg900-1,223.2143,113315,194949,0,1235,254200,44.5771
19xFIR_60xS832,xc7k410tfbg900-1,220.5072,125268,196149,0,1235,254200,49.2793
19xFIR_110xS832,xc7k410tfbg900-1,195.6564,136622,197349,0,1235,254200,53.7459
19xFIR_160xS832,xc7k410tfbg900-1,180.3101,147929,198549,0,1235,254200,58.1939
19xFIR_210xS832,xc7k410tfbg900-1,174.7946,158921,199749,0,1235,254200,62.5181
19xFIR_260xS832,xc7k410tfbg900-1,180.0504,170372,200949,0,1235,254200,67.0228
19xFIR_310xS832,xc7k410tfbg900-1,169.8658,181133,203596,0,1235,254200,71.2561
19xFIR_360xS832,xc7k410tfbg900-1,167.6446,190943,204796,0,1235,254200,75.1153
19xFIR_410xS832,xc7k410tfbg900-1,170.0102,203314,205996,0,1235,254200,79.9819
19xFIR_460xS832,xc7k410tfbg900-1,165.6178,213916,207196,0,1235,254200,84.1526
20xFIR_10xS832,xc7k410tfbg900-1,221.1900,119205,205196,0,1300,254200,46.8942
20xFIR_60xS832,xc7k410tfbg900-1,223.3140,131285,206396,0,1300,254200,51.6463
20xFIR_110xS832,xc7k410tfbg900-1,201.8978,142522,207596,0,1300,254200,56.0669
20xFIR_160xS832,xc7k410tfbg900-1,177.7778,153162,208796,0,1300,254200,60.2526
20xFIR_210xS832,xc7k410tfbg900-1,201.2072,165787,209996,0,1300,254200,65.2191
20xFIR_260xS832,xc7k410tfbg900-1,168.2935,176354,211196,0,1300,254200,69.3761
20xFIR_310xS832,xc7k410tfbg900-1,170.5321,186695,213920,0,1300,254200,73.4441
20xFIR_360xS832,xc7k410tfbg900-1,171.4090,197115,215120,0,1300,254200,77.5433
20xFIR_410xS832,xc7k410tfbg900-1,167.0286,208525,216320,0,1300,254200,82.0319
21xFIR_10xS832,xc7k410tfbg900-1,225.6827,125050,215443,0,1365,254200,49.1935
21xFIR_60xS832,xc7k410tfbg900-1,204.6664,136903,216643,0,1365,254200,53.8564
21xFIR_110xS832,xc7k410tfbg900-1,203.0045,148002,217843,0,1365,254200,58.2227
21xFIR_160xS832,xc7k410tfbg900-1,184.2978,159568,219043,0,1365,254200,62.7726
21xFIR_210xS832,xc7k410tfbg900-1,188.9645,171487,220243,0,1365,254200,67.4614
21xFIR_260xS832,xc7k410tfbg900-1,170.8234,182451,221443,0,1365,254200,71.7746
21xFIR_310xS832,xc7k410tfbg900-1,163.8807,191185,224244,0,1365,254200,75.2105
21xFIR_360xS832,xc7k410tfbg900-1,171.7033,203424,225444,0,1365,254200,80.0252
21xFIR_410xS832,xc7k410tfbg900-1,168.0955,212797,226644,0,1365,254200,83.7124
22xFIR_10xS832,xc7k410tfbg900-1,216.1228,130909,225690,0,1430,254200,51.4984
22xFIR_60xS832,xc7k410tfbg900-1,212.7660,142757,226890,0,1430,254200,56.1593
22xFIR_110xS832,xc7k410tfbg900-1,210.3934,154520,228090,0,1430,254200,60.7868
22xFIR_160xS832,xc7k410tfbg900-1,199.4813,166142,229290,0,1430,254200,65.3588
22xFIR_210xS832,xc7k410tfbg900-1,177.7462,177038,230490,0,1430,254200,69.6452
22xFIR_260xS832,xc7k410tfbg900-1,170.2707,186300,231690,0,1430,254200,73.2887
22xFIR_310xS832,xc7k410tfbg900-1,170.7942,198983,234568,0,1430,254200,78.2781
22xFIR_360xS832,xc7k410tfbg900-1,172.1467,210178,235768,0,1430,254200,82.6821
23xFIR_10xS832,xc7k410tfbg900-1,214.5462,136665,235937,0,1495,254200,53.7628
23xFIR_60xS832,xc7k410tfbg900-1,215.7497,148801,237137,0,1495,254200,58.5370
23xFIR_110xS832,xc7k410tfbg900-1,200.7226,160492,238337,0,1495,254200,63.1361
23xFIR_160xS832,xc7k410tfbg900-1,192.0492,171781,239537,0,1495,254200,67.5771
23xFIR_210xS832,xc7k410tfbg900-1,173.1902,182303,240737,0,1495,254200,71.7164
23xFIR_260xS832,xc7k410tfbg900-1,172.0874,191851,241937,0,1495,254200,75.4725
23xFIR_310xS832,xc7k410tfbg900-1,160.6942,203730,244892,0,1495,254200,80.1456
23xFIR_360xS832,xc7k410tfbg900-1,160.7200,212813,246092,0,1495,254200,83.7187
24xFIR_10xS832,xc7k410tfbg900-1,163.8538,149293,246953,0,1536,254200,58.7305
24xFIR_60xS832,xc7k410tfbg900-1,167.7852,160917,248153,0,1536,254200,63.3033
24xFIR_110xS832,xc7k410tfbg900-1,168.0108,172412,249353,0,1536,254200,67.8253
24xFIR_160xS832,xc7k410tfbg900-1,168.5204,183565,250553,0,1536,254200,72.2128
24xFIR_210xS832,xc7k410tfbg900-1,161.6554,193706,251768,0,1536,254200,76.2022
24xFIR_260xS832,xc7k410tfbg900-1,161.7338,204135,252953,0,1536,254200,80.3049
24xFIR_310xS832,xc7k410tfbg900-1,159.8210,213405,256800,0,1536,254200,83.9516
25xFIR_10xS832,xc7k410tfbg900-1,159.0584,173116,259312,0,1535,254200,68.1023
25xFIR_60xS832,xc7k410tfbg900-1,159.7699,184550,260605,0,1535,254200,72.6003
25xFIR_110xS832,xc7k410tfbg900-1,160.7200,195818,261813,0,1535,254200,77.0330
25xFIR_160xS832,xc7k410tfbg900-1,157.9030,206603,262912,0,1535,254200,81.2758
25xFIR_210xS832,xc7k410tfbg900-1,160.2051,217097,264197,0,1535,254200,85.4040
25xFIR_260xS832,xc7k410tfbg900-1,144.3001,227428,265312,0,1535,254200,89.4681
26xFIR_10xS832,xc7k410tfbg900-1,151.2859,196604,270916,0,1534,254200,77.3423
26xFIR_60xS832,xc7k410tfbg900-1,140.5086,207639,272039,0,1534,254200,81.6833
26xFIR_110xS832,xc7k410tfbg900-1,146.3058,218508,273310,0,1534,254200,85.9591
26xFIR_160xS832,xc7k410tfbg900-1,127.4372,228915,274439,0,1534,254200,90.0531
27xFIR_10xS832,xc7k410tfbg900-1,131.3370,216377,282974,0,1539,254200,85.1208
add8,NG-MEDIUM,590.6670,0,24,0,0,34272,0.0000
add8,xc7k410tfbg900-1,737.4631,8,24,0,0,254200,0.0031
add16,NG-MEDIUM,585.4800,0,48,0,0,34272,0.0000
add16,xc7k410tfbg900-1,738.0074,16,48,0,0,254200,0.0063
add32,NG-MEDIUM,554.6310,0,96,0,0,34272,0.0000
add32,xc7k410tfbg900-1,626.9592,32,96,0,0,254200,0.0126
add64,NG-MEDIUM,542.8880,0,192,0,0,34272,0.0000
add64,xc7k410tfbg900-1,480.7692,64,192,0,0,254200,0.0252
add128,NG-MEDIUM,304.7850,0,384,0,0,34272,0.0000
add128,xc7k410tfbg900-1,326.0515,128,384,0,0,254200,0.0504
add256,NG-MEDIUM,313.2830,0,768,0,0,34272,0.0000
add256,xc7k410tfbg900-1,194.9318,256,768,0,0,254200,0.1007
s27,NG-MEDIUM,362.8450,5,3,0,0,34272,0.0146
s27,xc7k410tfbg900-1,564.6527,9,3,0,0,254200,0.0035
s27a,NG-MEDIUM,362.8450,5,3,0,0,34272,0.0146
s27a,xc7k410tfbg900-1,564.6527,9,3,0,0,254200,0.0035
s208,NG-MEDIUM,255.4280,23,8,0,0,34272,0.0671
s208,xc7k410tfbg900-1,320.5128,81,8,0,0,254200,0.0319
s298,NG-MEDIUM,254.7120,28,14,0,0,34272,0.0817
s298,xc7k410tfbg900-1,325.6268,109,14,0,0,254200,0.0429
s344,NG-MEDIUM,197.5110,43,15,0,0,34272,0.1255
s344,xc7k410tfbg900-1,193.3488,146,15,0,0,254200,0.0574
s349,NG-MEDIUM,197.5110,43,15,0,0,34272,0.1255
s349,xc7k410tfbg900-1,196.7342,144,15,0,0,254200,0.0566
s382,NG-MEDIUM,194.8180,45,21,0,0,34272,0.1313
s382,xc7k410tfbg900-1,314.6633,146,21,0,0,254200,0.0574
s386,NG-MEDIUM,254.1940,39,6,0,0,34272,0.1138
s386,xc7k410tfbg900-1,281.9284,152,6,0,0,254200,0.0598
s386a,NG-MEDIUM,254.1940,39,6,0,0,34272,0.1138
s386a,xc7k410tfbg900-1,281.9284,152,6,0,0,254200,0.0598
s400,NG-MEDIUM,204.4990,45,21,0,0,34272,0.1313
s400,xc7k410tfbg900-1,342.1143,154,21,0,0,254200,0.0606
s420,NG-MEDIUM,248.8800,44,16,0,0,34272,0.1284
s420,xc7k410tfbg900-1,289.1845,180,16,0,0,254200,0.0708
s444,NG-MEDIUM,201.8980,46,21,0,0,34272,0.1342
s444,xc7k410tfbg900-1,289.6032,169,21,0,0,254200,0.0665
s510,NG-MEDIUM,195.1600,81,6,0,0,34272,0.2363
s510,xc7k410tfbg900-1,279.4077,187,6,0,0,254200,0.0736
s526,NG-MEDIUM,201.1670,40,21,0,0,34272,0.1167
s526,xc7k410tfbg900-1,329.3808,178,21,0,0,254200,0.0700
s526a,NG-MEDIUM,201.1670,40,21,0,0,34272,0.1167
s526a,xc7k410tfbg900-1,345.5425,178,21,0,0,254200,0.0700
s641,NG-MEDIUM,111.0250,67,19,0,0,34272,0.1955
s641,xc7k410tfbg900-1,52.9577,334,19,0,0,254200,0.1314
s713,NG-MEDIUM,111.7190,67,19,0,0,34272,0.1955
s713,xc7k410tfbg900-1,54.1126,355,19,0,0,254200,0.1397
s820,NG-MEDIUM,165.6730,87,5,0,0,34272,0.2539
s820,xc7k410tfbg900-1,300.0300,272,5,0,0,254200,0.1070
s832,NG-MEDIUM,163.6930,87,5,0,0,34272,0.2539
s832,xc7k410tfbg900-1,287.5216,269,5,0,0,254200,0.1058
s838,NG-MEDIUM,253.7430,86,32,0,0,34272,0.2509
s838,xc7k410tfbg900-1,282.7255,322,32,0,0,254200,0.1267
s953,NG-MEDIUM,166.6110,134,29,0,0,34272,0.3910
s953,xc7k410tfbg900-1,178.4758,298,29,0,0,254200,0.1172
s1196,NG-MEDIUM,126.3260,149,18,0,0,34272,0.4348
s1196,xc7k410tfbg900-1,236.6864,440,18,0,0,254200,0.1731
s1196a,NG-MEDIUM,126.3260,149,18,0,0,34272,0.4348
s1196a,xc7k410tfbg900-1,236.6864,440,18,0,0,254200,0.1731
s1196b,NG-MEDIUM,126.3260,149,18,0,0,34272,0.4348
s1196b,xc7k410tfbg900-1,236.6864,440,18,0,0,254200,0.1731
s1238,NG-MEDIUM,141.4030,157,18,0,0,34272,0.4581
s1238,xc7k410tfbg900-1,237.3042,379,18,0,0,254200,0.1491
s1238a,NG-MEDIUM,141.4030,157,18,0,0,34272,0.4581
s1238a,xc7k410tfbg900-1,237.3042,379,18,0,0,254200,0.1491
s1423,NG-MEDIUM,54.0570,169,74,0,0,34272,0.4931
s1423,xc7k410tfbg900-1,59.5203,538,74,0,0,254200,0.2116
s1488,NG-MEDIUM,162.8660,191,6,0,0,34272,0.5573
s1488,xc7k410tfbg900-1,178.6033,543,6,0,0,254200,0.2136
s1494,NG-MEDIUM,158.7050,194,6,0,0,34272,0.5661
s1494,xc7k410tfbg900-1,184.3998,526,6,0,0,254200,0.2069
s5378,NG-MEDIUM,101.0100,405,161,0,0,34272,1.1817
s5378,xc7k410tfbg900-1,126.1511,2199,179,0,0,254200,0.8651
s9234,NG-MEDIUM,78.4810,276,133,0,0,34272,0.8053
s9234,xc7k410tfbg900-1,50.1655,4256,211,0,0,254200,1.6743
s13207,NG-MEDIUM,67.0380,586,475,0,0,34272,1.7099
s13207,xc7k410tfbg900-1,50.4414,5807,638,0,0,254200,2.2844
s15850,NG-MEDIUM,47.5870,866,457,0,0,34272,2.5268
s15850,xc7k410tfbg900-1,46.8121,6915,534,0,0,254200,2.7203
s35932,NG-MEDIUM,141.2430,2626,1728,0,0,34272,7.6622
s35932,xc7k410tfbg900-1,70.1066,12265,1728,0,0,254200,4.8249
s38417,NG-MEDIUM,54.5200,2726,1538,0,0,34272,7.9540
s38417,xc7k410tfbg900-1,65.6642,14698,1636,0,0,254200,5.7821
s38584,NG-MEDIUM,68.5260,3362,1384,0,0,34272,9.8098
s38584,xc7k410tfbg900-1,55.8534,13086,1426,0,0,254200,5.1479
